{"version":{"current":1,"minCompatible":1},"selected_map":"978_356.264_3.49_C17H33N5O3_Oxadiazoles","views_state":[{"scale":0.9999999999999998,"offset":{"x":0,"y":0}},[{"camera_coords":[49.16340367379961,18.26136234451659,24.33580933854842],"controls_target":[4.48746875241447,6.265799181235282,-0.7538011266585811],"camera_zoom":1},{"camera_coords":[-30,40,30.000000000000004],"controls_target":[0,0,0],"camera_zoom":1},{"camera_coords":[-30,40,30.000000000000004],"controls_target":[0,0,0],"camera_zoom":1},{"camera_coords":[-30,40,30.000000000000004],"controls_target":[0,0,0],"camera_zoom":1}],{}],"params":{"spots":{"opacity":0.92,"border-opacity":0.3,"proportional-opacity":false,"size-factor":1.2},"mapping":{"scale":"log","color-map":"JET","auto-min/max":true,"hotspot-quantile":1,"min-intensity":"7.234253792352179","max-intensity":"9.102019351688796"},"3D":{"layout":"single","color":"#575757","background":"#000000","show-the-origin":true,"light":1.5,"export-pixel-ratio":"0.5","coordinates-adjustment":{"0x-rotation":-39.46,"0y-rotation":22.85,"0z-rotation":-56.08,"x-offset":"0.00","y-offset":"0.00","z-offset":"0.00"}},"examples":{},"doc":{}}}