{"version":{"current":1,"minCompatible":1},"selected_map":"Hexadecanoyl EA (Palmitoyl) [M+Na]+","views_state":[{"scale":1.4640999999999997,"offset":{"x":-1511.0000000000005,"y":1107.0000000000007}},[{"camera_coords":[-2.540232275250894,10.775718633296934,-84.43958177801959],"controls_target":[-1.0132615893335035,7.377277868878031,3.373673346854323],"camera_zoom":1},{"camera_coords":[-30,40,30.000000000000004],"controls_target":[0,0,0],"camera_zoom":1},{"camera_coords":[-30,40,30.000000000000004],"controls_target":[0,0,0],"camera_zoom":1},{"camera_coords":[-30,40,30.000000000000004],"controls_target":[0,0,0],"camera_zoom":1}],{}],"params":{"spots":{"opacity":1,"border-opacity":0.24,"proportional-opacity":false,"size-factor":0.99},"mapping":{"scale":"log","color-map":"JET","auto-min/max":true,"hotspot-quantile":1,"min-intensity":"2.3812670986994857","max-intensity":"3.81269253197469"},"3D":{"layout":"single","color":"#575757","background":"#000000","show-the-origin":true,"light":1.5,"export-pixel-ratio":"0.5","coordinates-adjustment":{"0x-rotation":-119.03,"0y-rotation":37.16,"0z-rotation":80.97,"x-offset":"0.00","y-offset":"0.00","z-offset":"0.00"}},"examples":{},"doc":{}}}